[
  {
    "id": 0,
    "ranking": 1,
    "title": "노엘 갤러거 하이 플라잉 버즈",
    "bannerUrl": "",
    "url": "https://ticketimage.interpark.com/Play/image/large/23/23010643_p.gif",
    "place": "잠실 실내체육관",
    "peroid": "2023.11.27 ~2023.11.28",
    "price": "143,000원",
    "detail": "https://ticketimage.interpark.com/Play/image/etc/23/23010643-05.jpg"
  },
  {
    "id": 1,
    "ranking": 2,
    "title": "〈불타는 트롯맨〉 TOP7 대구콘서트",
    "bannerUrl": "",
    "url": "https://ticketimage.interpark.com/Play/image/large/23/23011599_p.gif",
    "place": "엑스코 5층 컨벤션홀",
    "peroid": "2024.01.06 ~2024.01.07",
    "price": "154,000원",
    "detail": "https://ticketimage.interpark.com/Play/image/etc/23/23011599-01.jpg"
  },
  {
    "id": 2,
    "ranking": 3,
    "title": "싸이흠뻑쇼 SUMMERSWAG2023 - 부산",
    "bannerUrl": "",
    "url": "https://ticketimage.interpark.com/Play/image/large/23/23007291_p.gif",
    "place": "부산 아시아드 보조경기장",
    "peroid": "2023.08.26 ~2023.08.27",
    "price": "154,000원",
    "detail": "https://ticketimage.interpark.com/Play/image/etc/23/23007291-05.jpg"
  },
  {
    "id": 3,
    "ranking": 4,
    "title": "2023 이슬라이브 페스티벌",
    "bannerUrl": "",
    "url": "https://ticketimage.interpark.com/Play/image/large/23/23010762_p.gif",
    "place": "가평 자라섬 중도",
    "peroid": "2023.09.02",
    "price": "10,000원",
    "detail": "https://ticketimage.interpark.com/Play/image/etc/23/23010762-03.jpg"
  },
  {
    "id": 4,
    "ranking": 5,
    "title": "2023 렛츠락 페스티벌",
    "bannerUrl": "",
    "url": "https://ticketimage.interpark.com/Play/image/large/23/23011408_p.gif",
    "place": "난지 한강공원 일대",
    "peroid": "2023.09.02 ~2023.09.03",
    "price": "99,000원",
    "detail": "https://ticketimage.interpark.com/Play/image/etc/23/23011408-02.jpg"
  },
  {
    "id": 5,
    "ranking": 6,
    "title": "2023 김동률 콘서트 ‘Melody’",
    "bannerUrl": "",
    "url": "https://ticketimage.interpark.com/Play/image/large/23/23011026_p.gif",
    "place": "KSPO DOME (올림픽체조경기장)",
    "peroid": "2023.10.07 ~2023.10.15",
    "price": "176,000원",
    "detail": "https://ticketimage.interpark.com/Play/image/etc/23/23011026-02.jpg"
  },
  {
    "id": 6,
    "ranking": 7,
    "title": "2023 검정치마 앵콜 공연",
    "bannerUrl": "",
    "url": "https://ticketimage.interpark.com/Play/image/large/23/23011003_p.gif",
    "place": "블루스퀘어 마스터카드홀",
    "peroid": "2023.08.25 ~2023.08.27",
    "price": " 115,000",
    "detail": "https://ticketimage.interpark.com/Play/image/etc/23/23011003-05.jpg"
  },
  {
    "id": 7,
    "ranking": 8,
    "title": "박해미 뮤지컬갈라 〈FRIENDS〉 - 구리",
    "bannerUrl": "",
    "url": "https://ticketimage.interpark.com/Play/image/large/23/23011436_p.gif",
    "place": "구리아트홀 코스모스 대극장(자세히)",
    "peroid": "2023.09.16",
    "price": "30,000원",
    "detail": "https://ticketimage.interpark.com/Play/image/etc/23/23011436-03.jpg"
  },
  {
    "id": 8,
    "ranking": 9,
    "title": "2023 영탁 단독 콘서트 〈TAK SHOW2: TAK’S WORLD〉",
    "bannerUrl": "",
    "url": "https://ticketimage.interpark.com/Play/image/large/23/23011356_p.gif",
    "place": "엑스코 동관 6홀",
    "peroid": "2023.09.16 ~2023.09.17",
    "price": "132,000원",
    "detail": "https://ticketimage.interpark.com/Play/image/etc/23/23011356-02.jpg"
  },
  {
    "id": 9,
    "ranking": 10,
    "title": "2023 성시경 with friends ［자, 오늘은］",
    "bannerUrl": "",
    "url": "https://ticketimage.interpark.com/Play/image/large/23/23010177_p.gif",
    "place": "KSPO DOME",
    "peroid": "2023.09.02 ~2023.09.03",
    "price": "132,000",
    "detail": "https://ticketimage.interpark.com/Play/image/etc/23/23010177-02.jpg"
  }
]
