[
  {
    "id": 0,
    "ranking": 1,
    "title": "<뮤지컬> 레베카",
    "bannerUrl": "https://tickets.interpark.com/_next/image?url=http%3A%2F%2Fticketimage.interpark.com%2FTCMS3.0%2FNMain%2FBbannerPC%2F2308%2F230807042429_23008837.gif&w=1920&q=75",
    "smallBannerUrl": "https://tickets.interpark.com/_next/image?url=http%3A%2F%2Fticketimage.interpark.com%2FTCMS3.0%2FNMain%2FBbannerMO%2F2308%2F230807042532_23008837.gif&w=750&q=75",
    "url": "https://ticketimage.interpark.com/Play/image/large/23/23008837_p.gif",
    "place": "블루스퀘어 신한카드홀",
    "peroid": "2023.08.19 ~ 2023.11.19",
    "price": "110,000원",
    "detail": "https://ticketimage.interpark.com/Play/ITM/Data/Modify/2023/7/2023070410555421.jpg"
  },
  {
    "id": 1,
    "ranking": 2,
    "title": "<뮤지컬> 모자르트",
    "bannerUrl": "https://tickets.interpark.com/_next/image?url=http%3A%2F%2Fticketimage.interpark.com%2FTCMS3.0%2FNMain%2FBbannerPC%2F2308%2F230807015623_P0003461.gif&w=1920&q=75",
    "smallBannerUrl": "https://tickets.interpark.com/_next/image?url=http%3A%2F%2Fticketimage.interpark.com%2FTCMS3.0%2FNMain%2FBbannerMO%2F2308%2F230807015724_P0003461.gif&w=384&q=75",
    "url": "https://ticketimage.interpark.com/Play/image/large/P0/P0003461_p.gif",
    "place": "세종문화회관 대극장",
    "peroid": "2023.06.15 ~ 2023.08.22",
    "price": "100,000원",
    "detail": "https://ticketimage.interpark.com/Play/ITM/Data/Modify/2023/7/2023071111531181.jpg"
  },
  {
    "id": 2,
    "ranking": 3,
    "title": "<뮤지컬> 시스터즈",
    "bannerUrl": "https://tickets.interpark.com/_next/image?url=http%3A%2F%2Fticketimage.interpark.com%2FTCMS3.0%2FNMain%2FBbannerPC%2F2308%2F230811090240_23009689.gif&w=1920&q=75",
    "url": "https://ticketimage.interpark.com/Play/image/large/23/23009689_p.gif",
    "smallBannerUrl": "https://tickets.interpark.com/_next/image?url=http%3A%2F%2Fticketimage.interpark.com%2FTCMS3.0%2FNMain%2FBbannerMO%2F2308%2F230807015938_23009689.gif&w=750&q=75",
    "place": "홍익대 대학로 아트센터 대극장",
    "peroid": "2023.09.03 ~ 2023.11.12",
    "price": "90,000원",
    "detail": "https://ticketimage.interpark.com/Play/ITM/Data/Modify/2023/7/2023072710394063.jpg"
  },
  {
    "id": 3,
    "ranking": 4,
    "title": "<뮤지컬> 태양의서커스루치아",
    "bannerUrl": "https://tickets.interpark.com/_next/image?url=http%3A%2F%2Fticketimage.interpark.com%2FTCMS3.0%2FNMain%2FBbannerPC%2F2308%2F230809090920_23008707.gif&w=1920&q=75",
    "url": "https://ticketimage.interpark.com/Play/image/large/23/23008707_p.gif",
    "smallBannerUrl": "https://tickets.interpark.com/_next/image?url=http%3A%2F%2Fticketimage.interpark.com%2FTCMS3.0%2FNMain%2FBbannerMO%2F2308%2F230809091111_23008707.gif&w=750&q=75",
    "place": "잠실종합운동장 내 빅탑",
    "peroid": "2023.10.25 ~2023.12.03",
    "price": "190,000원",
    "detail": "https://ticketimage.interpark.com/Play/ITM/Data/Modify/2023/7/2023070715592771.jpg"
  },
  {
    "id": 4,
    "ranking": 5,
    "title": "<뮤지컬> 곤 투모로우",
    "bannerUrl": "https://tickets.interpark.com/_next/image?url=http%3A%2F%2Fticketimage.interpark.com%2FTCMS3.0%2FNMain%2FBbannerPC%2F2308%2F230810095937_23008578.gif&w=1920&q=75",
    "url": "https://ticketimage.interpark.com/Play/image/large/23/23008578_p.gif",
    "smallBannerUrl": "https://tickets.interpark.com/_next/image?url=http%3A%2F%2Fticketimage.interpark.com%2FTCMS3.0%2FNMain%2FBbannerMO%2F2308%2F230810101832_23008578.gif&w=750&q=75",
    "place": "광림아트센터 BBCH홀(자세히)",
    "peroid": "2023.08.10 ~2023.10.22",
    "price": "110,000원",
    "detail": "https://ticketimage.interpark.com/Play/ITM/Data/Modify/2023/8/2023080815405969.jpg"
  },
  {
    "id": 5,
    "ranking": 6,
    "title": "<뮤지컬> 렛미플라이",
    "bannerUrl": "",
    "url": "https://ticketimage.interpark.com/Play/image/large/23/23010646_p.gif",
    "smallBannerUrl": "",
    "place": "예스24스테이지 1관(자세히)",
    "peroid": "2023.09.26 ~2023.12.10",
    "price": "77,000원",
    "detail": "https://ticketimage.interpark.com/Play/ITM/Data/Modify/2023/8/2023081714013588.jpg"
  },
  {
    "id": 6,
    "ranking": 7,
    "title": "<뮤지컬> 위윌락유",
    "bannerUrl": "",
    "url": "https://ticketimage.interpark.com/Play/image/large/23/23011687_p.gif",
    "smallBannerUrl": "",
    "place": "더굿씨어터(자세히)",
    "peroid": "2023.09.22 ~2023.12.31",
    "price": "88,000원",
    "detail": "https://ticketimage.interpark.com/Play/ITM/Data/Modify/2023/8/2023082117142735.jpg"
  },
  {
    "id": 7,
    "ranking": 8,
    "title": "<뮤지컬> 미디어아트 뮤지컬 파랑새",
    "bannerUrl": "",
    "url": "https://ticketimage.interpark.com/Play/image/large/23/23011475_p.gif",
    "smallBannerUrl": "",
    "place": "용인포은아트홀",
    "peroid": "2023.10.14",
    "price": "20,000원",
    "detail": "https://ticketimage.interpark.com/Play/image/etc/23/23011475-01.jpg"
  },
  {
    "id": 8,
    "ranking": 9,
    "title": "<뮤지컬> 문스토리",
    "bannerUrl": "",
    "url": "https://ticketimage.interpark.com/Play/image/large/23/23011433_p.gif",
    "smallBannerUrl": "",
    "place": "드림아트센터 4관",
    "peroid": "2023.09.26 ~2023.12.10",
    "price": "66,000원",
    "detail": "https://ticketimage.interpark.com/230114332023/08/21/d945b370.jpg"
  },
  {
    "id": 9,
    "ranking": 10,
    "title": "<뮤지컬> 멤피스",
    "bannerUrl": "",
    "url": "https://ticketimage.interpark.com/Play/image/large/23/23007154_p.gif",
    "smallBannerUrl": "",
    "place": "충무아트센터 대극장",
    "peroid": "2023.07.20 ~2023.10.22",
    "price": "100,000원",
    "detail": "https://ticketimage.interpark.com/Play/ITM/Data/Modify/2023/7/2023071116224408.jpg"
  }
]
